,PC1(R),PC2(R),PC3(R),,PC1(p-value),PC2(p-value),PC3(p-value)
Fumarate,-0.039491906,0.918608162,-0.40771176,,0.969600938,0.388856406,0.695666376
4-Oxopentanoate,-0.155193758,-0.286690412,0.953404873,,0.881048851,0.782649324,0.372139063
Succinate,0.859460135,0.512744755,0.058762368,,0.418544306,0.623909176,0.954783718
Benzoate,-0.872095505,-0.479706581,-0.119339436,,0.412067656,0.646061742,0.908359188
Citraconate,0.9750957,0.21555863,-0.078206237,,0.361997461,0.835478039,0.939852596
4-Oxohexanoate,-0.633186045,-0.76362146,-0.154006621,,0.546733579,0.470042556,0.881950548
Malate,-0.156978415,0.956159492,-0.268392293,,0.879693662,0.370839266,0.796134904
Glutamate,-0.297354422,-0.925430375,0.256069747,,0.774826485,0.385535217,0.805259143
trans-Cinnamate,0.614717396,-0.760589365,0.227414901,,0.558185762,0.471739841,0.826600456
Phosphoenolpyruvate,0.969354204,-0.028824145,0.251610901,,0.364661094,0.977809413,0.80856882
Dihydroxyacetone phosphate,-0.008416034,0.870910975,-0.503487592,,0.993519885,0.412671717,0.630075675
Glycerophosphorate,-0.61984701,-0.131901963,0.780595944,,0.554990636,0.898773064,0.46061728
N-Acetylaspartate,0.735839506,-0.492184818,-0.473288418,,0.485748482,0.637647873,0.650411241
Carbamoylaspartate,0.932855422,0.069994747,0.35992466,,0.381944744,0.946155483,0.72951766
3-Phosphoglycerate,0.954271304,0.294393099,0.080025519,,0.371729855,0.776996069,0.938456779
Azelaate,0.940493753,0.300323177,0.171218776,,0.37827742,0.772653619,0.86889604
N-Acetylglutamate,0.972168862,-0.204870495,-0.128073826,,0.363353428,0.843503106,0.901692373
2-Deoxyribose 1-phosphate,-0.830824042,-0.531129746,-0.182184879,,0.433493151,0.611758036,0.86060136
Pantothenate,0.218044272,-0.773709007,-0.605083295,,0.833614691,0.464425645,0.564216179
Ribulose 5-phosphate,0.506485608,0.834117669,-0.238238945,,0.6280751,0.431754698,0.818519412
Ribose 5-phosphate,0.779405529,0.53721726,-0.332461284,,0.461274027,0.60776307,0.749275122
Glucosamine 6-phosphate,0.982693239,-0.09090454,-0.171622042,,0.358495756,0.930115038,0.868590691
Glucose 1-phosphate,0.656692525,-0.576307961,-0.495284781,,0.532365798,0.582454744,0.635566404
Fructose 6-phosphate,-0.240714513,0.898666306,-0.381499427,,0.816674475,0.398686639,0.714148686
Glucose 6-phosphate,-0.834668702,0.385857411,-0.400769157,,0.431464333,0.711061145,0.700540712
Sorbitol 6-phosphate,-0.292826493,0.780939387,-0.562190386,,0.778144693,0.460427923,0.59152516
Sedoheptulose-7-phosphate,0.490464489,0.860998357,0.16483983,,0.638804503,0.417751933,0.873729259
N-Acetylglucosamine 1-phosphate,-0.873227488,-0.486097305,-0.07776631,,0.411490994,0.641745536,0.940190158
Isobutylamine,-0.214189414,0.982048918,-0.006988886,,0.836504949,0.358791708,0.994618727
Gly,0.945959902,0.159505689,0.289760844,,0.375669358,0.877775301,0.780394122
Isopropanolamine,0.987119188,0.164392027,0.041868703,,0.356467898,0.874068772,0.967772575
Trimethylamine N-oxide,-0.708090642,0.700005775,0.124600233,,0.501779371,0.50651416,0.904342722
Pyridine,-0.730791477,-0.642862446,-0.24410006,,0.488639346,0.540790666,0.814153388
Piperidine,-0.59327092,0.725137178,0.361817264,,0.571662311,0.491890875,0.72816397
Isoamylamine,-0.711058271,0.694291442,0.138897869,,0.500048645,0.509878001,0.893442412
"1,4-Butanediamine",0.997510989,0.089365169,-0.001566187,,0.351741476,0.93129484,0.998794063
Ala,0.962378745,0.031686559,0.277094605,,0.367917351,0.975606557,0.789711714
beta-Ala,-0.999163072,0.068315432,-0.000511736,,0.350994568,0.947444999,0.999605972
GABA,0.948478818,0.166934322,0.276911302,,0.374472097,0.872141649,0.789846832
alpha-Aminoisobutyrate,0.999683172,0.05377712,0.027101353,,0.350759686,0.958615332,0.979135341
Ser,0.650767464,0.013837432,0.766023353,,0.535965173,0.989345803,0.468700981
Diethanolamine,0.952914965,0.308708086,0.018891668,,0.372370594,0.766528469,0.985454727
Cytosine,-0.981704029,0.092992021,-0.17615421,,0.358950201,0.928515455,0.865160653
Creatinine ,0.903668634,0.429507917,-0.057712958,,0.396203657,0.680464345,0.955590182
Pro,0.19018323,-0.54420274,0.825642663,,0.85456328,0.603196451,0.436238033
Betaine,0.938749889,0.348871683,-0.030907182,,0.379112339,0.737443863,0.976206328
Val,0.660710552,-0.620296663,0.432453086,,0.52993347,0.55471108,0.678422154
"2,4-Diaminobutyrate",-0.796344472,0.384457982,0.474388236,,0.451989317,0.712051981,0.649664866
Homoserine,-0.963276172,-0.252363598,0.109651871,,0.367497177,0.808009817,0.915762799
Thr,0.94690832,-0.143534712,0.294971232,,0.375218228,0.889912523,0.776572337
Nicotinamide,-0.789970697,0.568442007,-0.242963581,,0.455467695,0.587498729,0.814999419
Melamine,-0.598104791,0.159453211,0.792510641,,0.568608275,0.877815127,0.454079355
5-Oxoproline,0.894571983,0.155400699,0.425515066,,0.40072745,0.880891687,0.683237596
N-Acetylputrescine ,-0.731546132,0.624961424,0.285054539,,0.488206455,0.551815916,0.783851774
beta-Guanidinopropionate,-0.733912077,0.601812545,0.326073174,,0.486850926,0.566272212,0.753900565
Creatine ,-0.856247753,0.52043578,0.032452426,,0.420202572,0.618810373,0.975017198
Ile+Leu,0.242682735,-0.024607783,0.977646699,,0.815208531,0.981054613,0.360818786
Asn,0.877041554,-0.125178875,0.470172266,,0.409552327,0.903901127,0.652528307
Ornithine,-0.765240453,-0.217791884,0.612461242,,0.469137984,0.83380384,0.559594541
Asp,0.946510596,-0.122240076,0.305699042,,0.375407361,0.906144271,0.768724535
2-Aminobenzimidazole,-0.68682773,0.730676582,0.038621948,,0.514293175,0.488705275,0.970270207
Adenine,0.777702456,-0.633357995,-0.007943895,,0.46221472,0.546627628,0.99388341
Hypoxanthine,0.414795039,-0.311617731,0.862624049,,0.690709121,0.764407134,0.41691568
Urocanate,0.268677536,-0.113680238,0.964311403,,0.795924093,0.91268303,0.367012939
Histidinol ,0.962103398,0.217681096,0.175223947,,0.368046341,0.833886873,0.865864444
gamma-Guanidinobutyrate,0.991106621,0.09359844,0.110114711,,0.35464855,0.928050838,0.915408868
Acetylcholine,-0.798526852,0.606535616,-0.016392332,,0.45080256,0.563304647,0.987378831
Spermidine,-0.948784759,0.249162405,-0.204231651,,0.374326877,0.810388065,0.843983418
Gln,0.983060368,-0.186322237,-0.046233606,,0.358327209,0.857476727,0.964415401
Lys,-0.987588297,-0.130263465,0.104551464,,0.356253483,0.900022367,0.919664383
Carbachol,-0.710415795,0.695574252,0.135740475,,0.500423009,0.509121607,0.89584753
Glu+Albizziine,0.714882536,-0.681288419,0.178092639,,0.497824063,0.517585681,0.863694556
O-Acetylserine ,0.976431643,0.15014118,0.165898405,,0.361379827,0.884887859,0.872926788
Met,0.77243007,-0.62793521,0.123381268,,0.465135236,0.549975007,0.905273104
Triethanolamine,0.967702121,0.258771814,0.007733096,,0.365430313,0.803255551,0.994045716
Guanine,0.940514149,-0.13378536,0.319290962,,0.378267663,0.897337412,0.758823247
Nomega-Acetylhistamine,-0.69879003,0.715282869,0.084035273,,0.50722863,0.497591562,0.935381183
Pseudopelletierine,-0.703175187,0.708518965,0.102438897,,0.504654611,0.501529332,0.921281105
His,0.88413939,0.226001864,0.415699189,,0.405962286,0.827657093,0.690077512
Ala-Ala,-0.266199413,0.448347722,-0.861478405,,0.797756172,0.667451062,0.417504872
Tolazoline,-0.692508038,0.723854368,0.059390181,,0.510930763,0.492630538,0.954301276
alpha-Aminoadipate,-0.918435395,-0.148036207,0.373466171,,0.388940788,0.886488229,0.719855114
Carnitine,0.715076299,0.476108884,0.519755735,,0.497711523,0.648498038,0.619260312
Pterin,0.982417892,-0.144141131,-0.132014841,,0.358622206,0.88945107,0.898687009
Phe,0.302728789,-0.13114977,0.951800972,,0.770894526,0.899346549,0.372897474
Pyridoxal,-0.729047612,0.507485236,0.46765185,,0.489640646,0.627408792,0.654243156
N-Acetylornithine,0.147086317,-0.838315954,-0.536344659,,0.887210598,0.429545932,0.608334843
Arg,0.994410786,-0.01846196,0.118138801,,0.353146407,0.985785529,0.909276246
Citrulline,0.967436972,0.190124017,0.177657295,,0.365553884,0.854607943,0.864023771
Glucosamine,-0.936679687,-0.353367347,-0.041252346,,0.380105303,0.734215775,0.968246691
Tyr,0.94685733,-0.013085239,0.328075759,,0.375242472,0.989924918,0.752449375
N8-Acetylspermidine,-0.865660543,0.495642573,-0.099799333,,0.415356956,0.635326391,0.923301691
Gly-Leu,-0.666135909,0.298165725,0.69077746,,0.526660221,0.774232467,0.511953671
"5-Methoxytryptamine+2,6-Diaminoheptanedioate",-0.911878056,-0.415618589,-0.006279962,,0.392153621,0.690133806,0.995164573
Hydroxyatrazine,-0.80732776,0.554453554,-0.216178426,,0.446038684,0.596529614,0.835013306
Arginine ethyl ester,-0.703154791,0.708577274,0.102351828,,0.504666563,0.5014953,0.921347747
Tryptophanamide+O-Acetylcarnitine ,-0.705643112,0.704378989,0.113317932,,0.503209696,0.503949477,0.912959956
Trp,0.402771551,0.490342238,0.781008376,,0.699133283,0.638886738,0.460389893
N-Acetylglucosamine,-0.652134002,0.266387037,0.716852316,,0.535133693,0.797617413,0.496680761
Keramine ,-0.853188341,-0.526062649,0.020726532,,0.421786265,0.615094194,0.984042231
"Thymidine+1,5-Diphenylcarbohydrazide",0.967284002,0.249687191,0.074324795,,0.365625189,0.80999804,0.942831325
Cytidine,-0.99194286,0.129103106,-0.049963823,,0.354267912,0.900907289,0.961546994
Pyridoxamine 5'-phosphate,0.815863518,-0.570809374,0.119165298,,0.441452011,0.585978066,0.908492187
2'-Deoxyadenosine+5'-Deoxyadenosine,-0.728201175,0.643970327,0.248934677,,0.490127145,0.540112776,0.810557332
Adenosine,-0.684390399,0.674174658,-0.290920235,,0.515740251,0.52183359,0.779543148
Inosine,0.979501252,0.119639471,0.17240108,,0.359963753,0.908130042,0.86800088
Glu-Glu,-0.733718314,0.550051185,0.408092113,,0.486961845,0.599387749,0.695399775
Guanosine,0.867751141,-0.492388902,0.097503463,,0.414286244,0.637510733,0.925059675
Nalpha-Benzenolarginine ethylester,-0.705836875,0.704029132,0.114225282,,0.503096365,0.504154342,0.912266456
Glutathione,-0.977298476,0.214835592,-0.045634664,,0.360979506,0.836020274,0.964876021
S-Adenosylmethionine,0.983682448,0.137441367,0.129586076,,0.358041755,0.894551742,0.900538944
Leu-Leu-Tyr,-0.66784918,0.748810842,-0.023479743,,0.525629197,0.478372354,0.981922898
Oxidized glutathione,0.979674619,0.207955068,-0.016807513,,0.359883903,0.841184993,0.987059199
Divalent ion from UDP-glucuronate,-0.256388899,-0.412790577,-0.882145821,,0.805022409,0.692110314,0.406968289
Divalent ion from UDP-N-acetylglucosamine,0.925716795,0.362970925,-0.12443526,,0.385396248,0.727339321,0.904468629
TMP,-0.015111454,-0.621754401,-0.791960732,,0.988364945,0.553805363,0.454379688
UMP,0.925084516,-0.193546786,-0.333840639,,0.385703076,0.852027171,0.748277814
cAMP,0.99984634,0.047004469,-0.033139813,,0.350686022,0.963822586,0.974488248
dAMP,0.958513688,0.280643715,-0.078307053,,0.369731152,0.787097103,0.93977524
cGMP,-0.968864698,0.00077954,-0.255162397,,0.364888881,0.999399768,0.8059323
AMP,0.964989443,0.194532217,-0.18617172,,0.366696044,0.851284514,0.857590353
IMP,0.967538953,0.210001732,-0.152860977,,0.365506353,0.839647819,0.882820906
GMP,0.966009247,0.259075024,-0.056709374,,0.366219813,0.803030818,0.956361481
Divalent ion from NADPH,-0.631595151,0.770735221,-0.121749871,,0.547714439,0.466076725,0.906518527
Divalent ion from CoA,0.266648126,0.968754348,-0.023944416,,0.797424336,0.364940247,0.981565222
dCDP,0.979511451,0.082333041,-0.193059331,,0.359959056,0.936686702,0.852394595
TDP,-0.936710281,-0.21433413,-0.284591698,,0.380090614,0.836396396,0.7841921
CDP,0.595749044,-0.215791868,-0.780825073,,0.570095439,0.835303145,0.460490944
UDP,-0.407350471,-0.826828979,-0.400906635,,0.695919655,0.435608489,0.700444042
Divalent ion from Acetyl CoA,0.711037875,0.586943618,-0.396910629,,0.500060527,0.575674314,0.703256322
dADP,0.955484871,0.297378547,-0.047860421,,0.371157274,0.774808819,0.963164365
Divalent ion from n-Propionyl CoA,0.995287817,0.111184591,-0.010057837,,0.352748519,0.914590817,0.992255787
Divalent ion from D111*,0.866782327,0.407274497,-0.296969235,,0.414782179,0.695972922,0.775108566
Divalent ion from Isobutyryl CoA,-0.935343743,0.244060323,-0.264345879,,0.380747122,0.814182965,0.799127386
ADP,0.961053,0.208462361,-0.191542499,,0.368538733,0.840803915,0.853538173
Divalent ion from Malonyl CoA,0.912969246,0.314457405,-0.268800143,,0.391617617,0.762338901,0.795833486
IDP,0.950559218,0.223634498,-0.224550792,,0.373485447,0.829428215,0.828742572
Divalent ion from succinyl CoA,0.944287424,0.331909444,-0.04464941,,0.3764659,0.74967426,0.965633767
GDP,-0.878510072,-0.413606911,-0.249457091,,0.408807666,0.69153951,0.810169046
FMN,0.722551461,0.191844148,-0.670934907,,0.493382537,0.853310721,0.523775443
dCTP,0.983345913,-0.034186871,-0.187848943,,0.358196159,0.973682552,0.85632441
TTP,0.964765086,0.253290719,-0.092971296,,0.366800878,0.80732144,0.928531335
CTP,0.74518091,0.284171441,-0.610169954,,0.480428924,0.78450116,0.561027419
UTP,0.805165775,0.456592688,-0.386943527,,0.447205688,0.661794006,0.710292557
dATP,0.941054645,0.34064421,-0.047480067,,0.378009174,0.743366257,0.963456851
ATP,0.950997733,0.306533141,-0.073440358,,0.373277729,0.768115562,0.943510206
ITP,0.950243079,0.310766412,-0.064948845,,0.373635252,0.765027581,0.950030646
GTP,0.967875488,0.258252859,0.000834258,,0.365349535,0.803640235,0.999357636
ADP-ribose,0.905585866,0.42088977,-0.084713494,,0.395255048,0.686456681,0.934861083
UDP-glucose,0.962980429,0.270906025,-0.053240364,,0.367635603,0.794277747,0.95902795
UDP-glucuronate,0.837758708,0.529421277,-0.152608936,,0.429838642,0.612881788,0.883012408
UDP-N-acetylglucosamine,0.942431381,0.321588659,-0.110994566,,0.37735136,0.757154169,0.914736106
CMP-N-acetylneuramate,-0.490515479,-0.414808087,-0.774180338,,0.638770206,0.690700005,0.464164323
NAD,0.977584021,0.2042874,-0.077225566,,0.36084771,0.843941501,0.940605096
Nicotinamide hypoxanthine dinucleotide,0.973759757,0.071918961,-0.224184186,,0.362615904,0.944678127,0.829016876
NADP,0.99033157,0.001537914,-0.149951042,,0.35500162,0.998815833,0.885032394
FAD,0.898590011,0.417536972,-0.150991287,,0.398724598,0.688794514,0.884241704
